i,ts,lead_h,obs_lat,obs_lon,obs_kt,obs_cat,pred_lat,pred_lon,pred_kt,pred_kt_q10,pred_kt_q90,true_lat,true_lon,true_kt,err_km,pers_err_km,kt_err,pers_kt_err,in_cone
1,2019-04-26 00:00:00+00:00,6,2.2,90.0,22.0,D,2.5535617376808557,89.78408505256965,22.0,21.9360910149579,26.237055467165806,2.5,89.7,22.0,11.069061738666838,11.116676778988175,0.0,0.0,True
1,2019-04-26 00:00:00+00:00,12,2.2,90.0,22.0,D,3.0672336233250115,89.50847573518406,22.0,21.727869088590765,28.01366117761683,3.2,89.8,25.0,35.574692266260854,49.51717110213746,-3.0,-3.0,True
1,2019-04-26 00:00:00+00:00,18,2.2,90.0,22.0,D,3.6147138311304263,89.36371496088188,26.344913762973263,22.180512576675333,30.22729379932359,3.8,89.5,25.0,25.47542506581623,78.21678327772663,1.3449137629732633,-3.0,True
1,2019-04-26 00:00:00+00:00,24,2.2,90.0,22.0,D,3.957456779955999,89.13576559321815,29.036193578440916,22.640297924793394,34.94880230835601,4.6,89.4,30.0,76.869412227149,134.57939420535743,-0.9638064215590845,-8.0,True
2,2019-04-26 06:00:00+00:00,6,2.5,89.7,22.0,D,2.859483137764168,89.39625497741746,22.0,21.9360910149579,26.575882646643386,3.2,89.8,25.0,58.58495589142892,62.72531540636997,-3.0,-3.0,False
2,2019-04-26 06:00:00+00:00,12,2.5,89.7,22.0,D,3.3885267975465942,89.09621121147848,22.0,21.869671197874965,28.598936274784435,3.8,89.5,25.0,63.89702878075972,89.28352098553658,-3.0,-3.0,True
2,2019-04-26 06:00:00+00:00,18,2.5,89.7,22.0,D,3.955834140897766,88.85763940448575,27.325300194517133,23.151562875170253,30.7106827031372,4.6,89.4,30.0,93.26849197522515,148.54443088495867,-2.6746998054828666,-8.0,True
2,2019-04-26 06:00:00+00:00,24,2.5,89.7,22.0,D,4.28598984431226,88.65814446211603,30.10084652855232,22.6501695765817,37.06001881477682,5.1,89.4,35.0,121.97180279388702,184.36863359908463,-4.899153471447679,-13.0,True
3,2019-04-26 12:00:00+00:00,6,3.2,89.8,25.0,D,3.90093287644802,89.88129491374532,25.0,24.85426148103636,29.866791095058893,3.8,89.5,25.0,43.79639539987077,45.79126465634734,0.0,0.0,False
3,2019-04-26 12:00:00+00:00,12,3.2,89.8,25.0,D,4.748641964989503,89.96714735455961,25.0,24.939119984947283,30.18223075086664,4.6,89.4,30.0,65.03731585174314,66.61308908493231,-5.0,-5.0,True
3,2019-04-26 12:00:00+00:00,18,3.2,89.8,25.0,D,5.454923038503881,90.03005141191757,30.63903021682779,25.803418010489647,33.93994832033883,5.1,89.4,35.0,80.11430573787855,80.77212480495844,-4.360969783172209,-10.0,True
3,2019-04-26 12:00:00+00:00,24,3.2,89.8,25.0,D,5.802092861359063,89.99630423024624,34.93480720701962,25.766338629235925,37.77780201318189,6.0,89.2,45.0,90.85296484067231,110.87058026547072,-10.065192792980383,-20.0,True
4,2019-04-26 18:00:00+00:00,6,3.8,89.5,25.0,D,4.393197672341649,89.18280516751985,25.0,24.854251635286886,30.002812132017375,4.6,89.4,30.0,33.2260704579702,31.352213817244124,-5.0,-5.0,True
4,2019-04-26 18:00:00+00:00,12,3.8,89.5,25.0,D,5.129384757794584,88.9755784545534,25.0,24.792167481809415,31.97394057014438,5.1,89.4,35.0,47.17157099414012,56.64165882558681,-10.0,-10.0,True
4,2019-04-26 18:00:00+00:00,18,3.8,89.5,25.0,D,5.844722803543834,88.81410574068832,34.360396031921475,26.3133050494937,36.03074993400135,6.0,89.2,45.0,46.05099900805644,80.05747168850354,-10.639603968078525,-20.0,True
4,2019-04-26 18:00:00+00:00,24,3.8,89.5,25.0,D,6.298494608320355,88.61368900722232,38.62159659323933,25.828932407921172,41.59759680283007,6.6,88.5,45.0,35.63586496401821,49.75335859052787,-6.378403406760668,-20.0,True
5,2019-04-27 00:00:00+00:00,6,4.6,89.4,30.0,DD,5.332624679203915,89.30373194626426,30.0,29.86578535450411,35.458236957902216,5.1,89.4,35.0,27.850445924643665,34.980463562089945,-5.0,-5.0,True
5,2019-04-27 00:00:00+00:00,12,4.6,89.4,30.0,DD,6.239962117511367,89.20605581351685,33.895374894967205,29.852940518740855,41.72399872332666,6.0,89.2,45.0,26.54513101724586,22.109042656473576,-11.104625105032795,-15.0,True
5,2019-04-27 00:00:00+00:00,18,4.6,89.4,30.0,DD,7.075032125550596,89.19931960948612,38.048235124063424,31.701994401765756,46.00391990211968,6.6,88.5,45.0,93.45977726830904,79.60280443182201,-6.9517648759365755,-15.0,True
5,2019-04-27 00:00:00+00:00,24,4.6,89.4,30.0,DD,7.682473680602778,89.04623791740529,47.69780250254834,30.333997324524788,51.85332844395745,7.1,88.1,45.0,122.72929755933049,125.73228140564063,2.697802502548342,-15.0,True
6,2019-04-27 06:00:00+00:00,6,5.1,89.4,35.0,CS,5.628170890273706,89.39819242597372,35.0,34.74582236966879,45.825222478839244,6.0,89.2,45.0,46.61081485941083,49.47115525825157,-10.0,-10.0,False
6,2019-04-27 06:00:00+00:00,12,5.1,89.4,35.0,CS,6.275562925931917,89.51440133163787,39.19609078243273,32.6687043882083,47.21432035378342,6.6,88.5,45.0,117.81141981375423,113.90002186668256,-5.8039092175672735,-10.0,False
6,2019-04-27 06:00:00+00:00,18,5.1,89.4,35.0,CS,6.958888188282504,89.59691323267695,43.833341105198954,34.33604898945706,50.909224808519376,7.1,88.1,45.0,166.12587629453037,153.96291669216382,-1.1666588948010457,-10.0,False
6,2019-04-27 06:00:00+00:00,24,5.1,89.4,35.0,CS,7.5895074454261255,89.79514130140196,50.33919564708781,32.443454936317075,56.580489624419116,7.4,88.1,45.0,188.27076431846834,147.35165305231448,5.339195647087813,-10.0,False
7,2019-04-27 12:00:00+00:00,6,6.0,89.2,45.0,CS,6.871023056547729,89.02919507219349,45.0,44.902960648207724,54.856362002793524,6.6,88.5,45.0,65.73633332020812,64.43304899275445,0.0,0.0,False
7,2019-04-27 12:00:00+00:00,12,6.0,89.2,45.0,CS,7.83343576232478,88.91574527551445,47.918279795800856,41.84542454329731,58.22381657227779,7.1,88.1,45.0,121.18994494003034,109.24980920923919,2.9182797958008564,0.0,False
7,2019-04-27 12:00:00+00:00,18,6.0,89.2,45.0,CS,8.638515451269715,88.87064061068814,52.26677268201835,45.07005111988808,61.79050847502886,7.4,88.1,45.0,161.17991340015067,153.79207970658607,7.266772682018349,0.0,False
7,2019-04-27 12:00:00+00:00,24,6.0,89.2,45.0,CS,9.090882885154274,88.99909970879028,62.70656816715818,44.77847295987654,70.77102155919349,8.0,87.6,45.0,195.65474735576848,197.23661047382768,17.70656816715818,0.0,False
8,2019-04-27 18:00:00+00:00,6,6.6,88.5,45.0,CS,7.207832363144187,87.87785736981017,45.0,44.754348863711904,56.96730174292216,7.1,88.1,45.0,27.281970280757808,35.02487502685391,0.0,0.0,True
8,2019-04-27 18:00:00+00:00,12,6.6,88.5,45.0,CS,7.871282811355104,87.5139368661636,46.90552416104951,41.228795509494795,63.4795898025134,7.4,88.1,45.0,83.05547415072157,119.20479161896164,1.905524161049513,0.0,False
8,2019-04-27 18:00:00+00:00,18,6.6,88.5,45.0,CS,8.452465733818837,86.90573370961138,52.96689137265938,44.70204011736845,62.774502430495964,8.0,87.6,45.0,91.40925434447959,140.17861839871213,7.966891372659383,0.0,True
8,2019-04-27 18:00:00+00:00,24,6.6,88.5,45.0,CS,8.79609883241626,86.63980940046523,63.5531662242308,44.66130706650747,73.02995966892381,8.2,87.5,45.0,115.3977969063674,218.2051749385837,18.5531662242308,0.0,True
9,2019-04-28 00:00:00+00:00,6,7.1,88.1,45.0,CS,7.637605508419591,87.7297810247414,45.0,44.348827199736995,58.956035065824906,7.4,88.1,45.0,48.58081490836889,49.42317865465233,0.0,0.0,False
9,2019-04-28 00:00:00+00:00,12,7.1,88.1,45.0,CS,8.226722505626904,87.5271461173792,49.205223155182544,41.66386402574629,59.85791682170174,8.0,87.6,45.0,26.328912617153293,35.04498897320192,4.205223155182544,0.0,True
9,2019-04-28 00:00:00+00:00,18,7.1,88.1,45.0,CS,8.792987535669633,87.04681817261086,54.30710916310324,44.966006561956654,67.66736768382377,8.2,87.5,45.0,82.40742034015902,79.82914703083206,9.307109163103242,0.0,True
9,2019-04-28 00:00:00+00:00,24,7.1,88.1,45.0,CS,9.220956110050388,87.0915138536021,59.0114851968582,44.378415890766476,67.57774930004595,8.6,87.4,45.0,76.60198463970907,113.99849763897994,14.011485196858203,0.0,True
10,2019-04-28 06:00:00+00:00,6,7.4,88.1,45.0,CS,7.757501141848188,88.09182179945766,45.0,43.97616096761567,58.87006459213555,8.0,87.6,45.0,60.50456664373261,64.35395110559683,0.0,0.0,False
10,2019-04-28 06:00:00+00:00,12,7.4,88.1,45.0,CS,8.321993062337846,88.08084372352847,48.688074628760525,41.42816075854059,61.93966794737843,8.2,87.5,45.0,65.39957367627201,69.73134587903397,3.688074628760525,0.0,True
10,2019-04-28 06:00:00+00:00,18,7.4,88.1,45.0,CS,8.793340375403414,88.14309980586587,54.76608822700709,44.76623508816828,66.03778419041655,8.6,87.4,45.0,84.52611765237026,83.92187668585098,9.766088227007089,0.0,True
10,2019-04-28 06:00:00+00:00,24,7.4,88.1,45.0,CS,9.211512989609428,88.3201695515349,58.87023711284729,44.1128496275107,67.71421468017132,9.3,87.2,45.0,123.47226179506464,125.66129260453573,13.870237112847292,0.0,True
11,2019-04-28 12:00:00+00:00,6,8.0,87.6,45.0,CS,8.557601258334854,87.09787713562827,45.0,41.407974486139594,51.95911593603894,8.2,87.5,45.0,59.37799953495962,62.48814267539514,0.0,0.0,False
11,2019-04-28 12:00:00+00:00,12,8.0,87.6,45.0,CS,9.095681314640867,86.79696403084799,46.755806931404145,43.04856983582922,55.646948024722924,8.6,87.4,45.0,86.05792743096336,110.43081158202551,1.7558069314041447,0.0,False
11,2019-04-28 12:00:00+00:00,18,8.0,87.6,45.0,CS,9.59291383042954,86.34502551774713,48.09860771925779,43.6853717777215,57.543348408207756,9.3,87.2,45.0,99.3252115042128,133.43729145248807,3.0986077192577923,0.0,True
11,2019-04-28 12:00:00+00:00,24,8.0,87.6,45.0,CS,9.778917741277047,86.24312951697706,54.63813569774386,37.33199383535952,57.65305120538622,10.2,87.1,55.0,104.86054797034787,167.13319890224142,-0.3618643022561372,-10.0,True
12,2019-04-28 18:00:00+00:00,6,8.2,87.5,45.0,CS,8.428148449529242,87.38948672661236,45.0,41.6462959666214,50.503763114592246,8.6,87.4,45.0,19.04175864358569,22.119961482745843,0.0,0.0,True
12,2019-04-28 18:00:00+00:00,12,8.2,87.5,45.0,CS,8.932367951978241,87.33674398974499,46.963152112770985,42.69060858395397,55.13659506890063,9.3,87.2,45.0,43.350278389960906,78.19832799387804,1.9631521127709846,0.0,True
12,2019-04-28 18:00:00+00:00,18,8.2,87.5,45.0,CS,9.25418057954338,87.270113005918,48.97594926330113,43.90801621342276,58.485539457027336,10.2,87.1,55.0,106.26556777179587,155.24155984663747,-6.024050736698868,-10.0,True
12,2019-04-28 18:00:00+00:00,24,8.2,87.5,45.0,CS,9.47864421581002,87.2929379683855,56.675490235437756,37.36123608476905,55.86500819972459,10.9,86.8,55.0,166.23430165369527,212.71854175116252,1.6754902354377563,-10.0,False
13,2019-04-29 00:00:00+00:00,6,8.6,87.4,45.0,CS,9.025127410348466,87.27911410920703,45.0,41.61727596553214,50.94019973975049,9.3,87.2,45.0,31.62062944047401,34.95099735764149,0.0,0.0,True
13,2019-04-29 00:00:00+00:00,12,8.6,87.4,45.0,CS,9.505767520373142,87.17641300720189,48.55103528243184,43.03747675456494,54.426192549793896,10.2,87.1,55.0,77.2429235471665,89.16268665817711,-6.44896471756816,-10.0,False
13,2019-04-29 00:00:00+00:00,18,8.6,87.4,45.0,CS,9.827562369439795,87.14967582726986,49.86071189812378,44.79538257325321,58.43715445559547,10.9,86.8,55.0,124.65057768118729,126.01541318100827,-5.139288101876218,-10.0,False
13,2019-04-29 00:00:00+00:00,24,8.6,87.4,45.0,CS,10.174862131041815,87.1575735937841,55.22014112893482,36.7872908756677,56.371870413406455,11.8,86.5,70.0,193.59678324630198,185.1962940321311,-14.77985887106518,-25.0,False
14,2019-04-29 06:00:00+00:00,6,9.3,87.2,45.0,CS,9.949114546157698,87.00062858519016,45.0,41.70369456353182,51.5361150184189,10.2,87.1,55.0,29.811233619074493,24.711391004751146,-10.0,-10.0,True
14,2019-04-29 06:00:00+00:00,12,9.3,87.2,45.0,CS,10.554800266568677,86.81938226525085,48.15927018606546,43.34761681627593,55.619868976151814,10.9,86.8,55.0,38.242311404926475,22.14708645728527,-6.840729813934537,-10.0,True
14,2019-04-29 06:00:00+00:00,18,9.3,87.2,45.0,CS,11.138877277162598,86.78853563960688,49.15913794792513,44.912493830411535,58.50032782375078,11.8,86.5,70.0,79.62065975300727,45.53245370432824,-20.84086205207487,-25.0,True
14,2019-04-29 06:00:00+00:00,24,9.3,87.2,45.0,CS,11.354737677979514,86.6935997912756,55.21312708108432,37.694871458410994,56.52918108917652,12.7,85.8,80.0,177.80376313672747,92.61974241147387,-24.786872918915677,-35.0,False
15,2019-04-29 12:00:00+00:00,6,10.2,87.1,55.0,SCS,10.993218807701757,87.02278152305679,55.0,54.98577328929899,65.47018124429121,10.9,86.8,55.0,26.444750834073602,31.072865009953638,0.0,0.0,True
15,2019-04-29 12:00:00+00:00,12,10.2,87.1,55.0,SCS,11.644900176576979,86.99584907299676,60.9943228536216,55.67669770337544,70.68608537606441,11.8,86.5,70.0,56.71145196289504,48.745311230215144,-9.005677146378403,-15.0,True
15,2019-04-29 12:00:00+00:00,18,10.2,87.1,55.0,SCS,12.564476034543727,86.8357425786015,62.932493670131365,56.90577768495537,73.80954896626825,12.7,85.8,80.0,113.51972466705568,110.49687149696501,-17.067506329868635,-25.0,False
15,2019-04-29 12:00:00+00:00,24,10.2,87.1,55.0,SCS,13.037444786933428,86.87338012184243,70.62960994640781,53.98258770837648,79.65127103281921,13.3,84.8,90.0,226.64540028890653,212.41219373622621,-19.37039005359219,-35.0,False
16,2019-04-29 18:00:00+00:00,6,10.9,86.8,55.0,SCS,11.564205090236333,86.51352465451107,55.0,54.94926864047178,65.9263415436697,11.8,86.5,70.0,26.125236849167106,22.128730718819767,-15.0,-15.0,True
16,2019-04-29 18:00:00+00:00,12,10.9,86.8,55.0,SCS,12.10489005847447,86.46352461840291,58.58769230954143,55.10991064900072,70.95265651751888,12.7,85.8,80.0,97.67199363065274,61.84626317829117,-21.41230769045857,-25.0,False
16,2019-04-29 18:00:00+00:00,18,10.9,86.8,55.0,SCS,12.766687121562539,86.2009529704977,62.556045214950565,56.615395880248585,74.21540631580375,13.3,84.8,90.0,163.01291816332792,123.12066504721803,-27.443954785049435,-35.0,False
16,2019-04-29 18:00:00+00:00,24,10.9,86.8,55.0,SCS,13.237098753011715,86.35888812607027,64.63624309222183,54.14150859785028,81.46932668497891,13.5,84.4,95.0,214.17494629232505,130.37621869547357,-30.363756907778168,-40.0,False
17,2019-04-30 00:00:00+00:00,6,11.8,86.5,70.0,VSCS,12.622521852817398,86.21797083783788,70.0,69.98921066042305,83.70103509350484,12.7,85.8,80.0,46.206103142035154,43.334834438963135,-10.0,-10.0,False
17,2019-04-30 00:00:00+00:00,12,11.8,86.5,70.0,VSCS,13.431153022984256,86.17343541098569,72.7920443792622,70.54475151608167,88.81586264219719,13.3,84.8,90.0,149.48137214418318,123.20195154874358,-17.207955620737806,-20.0,False
17,2019-04-30 00:00:00+00:00,18,11.8,86.5,70.0,VSCS,14.351328198548888,86.1188270046709,76.86701811532356,68.32762462813047,90.04420042452494,13.5,84.4,95.0,208.26510619033712,169.5404386129213,-18.13298188467644,-25.0,False
17,2019-04-30 00:00:00+00:00,24,11.8,86.5,70.0,VSCS,14.92005053989489,86.46579996933644,87.55467824517923,67.41698858892768,102.10499441082274,13.9,84.1,95.0,278.97126854655664,208.96551504907853,-7.4453217548207675,-25.0,False
18,2019-04-30 06:00:00+00:00,6,12.7,85.8,80.0,VSCS,13.52230481013212,85.26465028493259,80.0,79.7133767112882,97.30824677598252,13.3,84.8,90.0,56.01168353975065,46.23919103963439,-10.0,-10.0,False
18,2019-04-30 06:00:00+00:00,12,12.7,85.8,80.0,VSCS,14.196616893538202,85.01689770427298,86.62433168752173,78.58083760955094,99.28326812046733,13.5,84.4,95.0,101.91928945791955,110.3885372405828,-8.375668312478268,-15.0,False
18,2019-04-30 06:00:00+00:00,18,12.7,85.8,80.0,VSCS,15.052003093469063,84.66034996487319,90.41917864839235,73.09503905352064,101.72688598437135,13.9,84.1,95.0,141.0523983066779,171.42124332399217,-4.5808213516076535,-15.0,False
18,2019-04-30 06:00:00+00:00,24,12.7,85.8,80.0,VSCS,15.694990678305448,84.4774733009904,98.77845344496201,62.40562967909088,107.97519063030417,14.2,84.0,95.0,173.20890760867437,256.6565968826971,3.778453444962011,-15.0,False
19,2019-04-30 12:00:00+00:00,6,13.3,84.8,90.0,ESCS,13.862598085499137,83.97679492913781,90.0,88.7362409477001,106.93892997609068,13.5,84.4,95.0,60.871975940357125,78.77318523139054,-5.0,-5.0,False
19,2019-04-30 12:00:00+00:00,12,13.3,84.8,90.0,ESCS,14.267991069716778,83.4958113942447,95.43412920131819,84.26794206717761,111.52233362153616,13.9,84.1,95.0,76.90971460035078,156.02213848959545,0.43412920131818566,-5.0,False
19,2019-04-30 12:00:00+00:00,18,13.3,84.8,90.0,ESCS,14.83812273353962,83.09316613571806,98.04365713491192,78.17509882345232,110.66746416444249,14.2,84.0,95.0,120.5775752828822,258.82535721827765,3.043657134911925,-5.0,False
19,2019-04-30 12:00:00+00:00,24,13.3,84.8,90.0,ESCS,15.105604216180687,82.32124371340502,103.64356986657738,68.60003802641654,121.63245603507708,14.9,84.1,100.0,192.65093963410325,369.0011700027196,3.64356986657738,-10.0,False
20,2019-04-30 18:00:00+00:00,6,13.5,84.4,95.0,ESCS,13.794585048512575,84.01828564628892,95.0,94.90195350710552,107.0725925152238,13.9,84.1,95.0,14.630710332507668,24.644797608295328,0.0,0.0,True
20,2019-04-30 18:00:00+00:00,12,13.5,84.4,95.0,ESCS,14.223780202264658,83.70327553863707,98.96046024681603,89.51426865554997,115.15189355154789,14.2,84.0,95.0,32.134628688699564,54.642707968763595,3.9604602468160266,0.0,True
20,2019-04-30 18:00:00+00:00,18,13.5,84.4,95.0,ESCS,14.446172931557467,83.4382969889218,104.7037532622232,82.8272295607581,113.23462208502669,14.9,84.1,100.0,87.1854931768954,131.7191130440825,4.703753262223202,-5.0,True
20,2019-04-30 18:00:00+00:00,24,13.5,84.4,95.0,ESCS,14.748472057251012,83.32750410518116,111.09919965495129,73.99726875801697,124.43503991279265,15.2,84.2,100.0,106.31829049871625,181.3975280931491,11.099199654951292,-5.0,True
21,2019-05-01 00:00:00+00:00,6,13.9,84.1,95.0,ESCS,14.347521864324616,83.83029920330357,95.0,91.81269716982098,110.43505579307214,14.2,84.0,95.0,24.530040219643976,24.303218759898247,0.0,0.0,True
21,2019-05-01 00:00:00+00:00,12,13.9,84.1,95.0,ESCS,14.793366178207258,83.8591408072671,96.22462522616381,87.48912356079686,116.35839132805349,14.9,84.1,100.0,28.48167902701105,68.50605213796493,-3.775374773836191,-5.0,True
21,2019-05-01 00:00:00+00:00,18,13.9,84.1,95.0,ESCS,15.110091691567114,83.71172663240141,98.84515273409738,81.82829830468955,117.68004483672854,15.2,84.2,100.0,53.41067113698426,108.57040754434139,-1.1548472659026174,-5.0,True
21,2019-05-01 00:00:00+00:00,24,13.9,84.1,95.0,ESCS,15.433807458221338,83.61605082990229,111.3818546149474,74.36104997536425,121.74271528356627,15.9,84.6,105.0,117.42674367850222,188.48849108566336,6.3818546149474,-10.0,True
22,2019-05-01 06:00:00+00:00,6,14.2,84.0,95.0,ESCS,14.536259675893685,83.91647146497363,95.0,91.8178474379678,111.59887834792346,14.9,84.1,100.0,44.837433457435615,49.22861055515279,-5.0,-5.0,False
22,2019-05-01 06:00:00+00:00,12,14.2,84.0,95.0,ESCS,14.97241955382674,83.99173867005292,95.21428742574129,88.7816278637348,110.12671304901818,15.2,84.2,100.0,33.69584957218002,61.7676708081596,-4.78571257425871,-5.0,True
22,2019-05-01 06:00:00+00:00,18,14.2,84.0,95.0,ESCS,15.228504958960505,84.04588544520041,100.08882827714947,85.99943775452431,113.83180591975592,15.9,84.6,105.0,95.15070896829988,131.11038796886834,-4.911171722850526,-10.0,True
22,2019-05-01 06:00:00+00:00,24,14.2,84.0,95.0,ESCS,15.706559086033671,84.12101372890275,100.71898388171458,74.87231769399115,116.90596000044718,16.8,84.8,110.0,141.10077312927314,201.3765488485026,-9.281016118285422,-15.0,True
23,2019-05-01 12:00:00+00:00,6,14.9,84.1,100.0,ESCS,15.553216994813553,84.22975967481116,100.0,99.07034815843019,114.07873956171176,15.2,84.2,100.0,39.214677715452765,44.256221976125175,0.0,0.0,False
23,2019-05-01 12:00:00+00:00,12,14.9,84.1,100.0,ESCS,16.2496780791072,84.5217861857128,104.09617788792217,93.50228892620225,116.65866878330164,15.9,84.6,105.0,39.589748536452355,54.57442044081441,-0.9038221120778331,-5.0,True
23,2019-05-01 12:00:00+00:00,18,14.9,84.1,100.0,ESCS,16.515466167494527,84.82928776781615,102.46787167390353,82.30916412182152,115.56639322492454,16.8,84.8,110.0,31.642723660862778,47.71001991193602,-7.532128326096469,-10.0,True
23,2019-05-01 12:00:00+00:00,24,14.9,84.1,100.0,ESCS,17.071080517160194,84.85378330749835,108.19388986242201,77.94634649932621,120.92537853466251,17.6,84.8,115.0,58.815568922741846,33.11782528904264,-6.806110137577988,-15.0,True
24,2019-05-01 18:00:00+00:00,6,15.2,84.2,100.0,ESCS,15.519845995281994,84.33803271088102,100.0,93.01718415182316,107.04610164695275,15.9,84.6,105.0,50.57694516002833,54.702492970033425,-5.0,-5.0,False
24,2019-05-01 18:00:00+00:00,12,15.2,84.2,100.0,ESCS,15.99684606290042,84.63115860346304,97.76619479901385,89.11642743296781,111.47681540728519,16.8,84.8,110.0,90.69071532979325,118.61684865592,-12.233805200986154,-10.0,False
24,2019-05-01 18:00:00+00:00,18,15.2,84.2,100.0,ESCS,16.248900897760052,84.8634819704367,99.74580945358544,82.20548907439708,111.82494136579567,17.6,84.8,115.0,149.67692817661958,169.04615937728624,-15.254190546414563,-15.0,False
24,2019-05-01 18:00:00+00:00,24,15.2,84.2,100.0,ESCS,16.69211821351842,85.09749405392368,100.39464682078528,73.22618609019104,113.74974350068882,18.3,85.0,115.0,178.25288763579022,214.5233556546146,-14.605353179214717,-15.0,False
25,2019-05-02 00:00:00+00:00,6,15.9,84.6,105.0,ESCS,16.55251003278135,85.0049751770959,105.0,103.07707723827708,116.99342764052527,16.8,84.8,110.0,35.04534497320364,30.84899830143959,-5.0,-5.0,True
25,2019-05-02 00:00:00+00:00,12,15.9,84.6,105.0,ESCS,17.336566405057305,85.70609509799318,109.10326483438033,95.16464729896813,119.36140927641651,17.6,84.8,115.0,100.56242154926493,72.45733593138618,-5.896735165619674,-10.0,False
25,2019-05-02 00:00:00+00:00,18,15.9,84.6,105.0,ESCS,17.96561735821421,86.26778162487459,105.6273146982612,86.4794822711213,118.08438320197304,18.3,85.0,115.0,139.17421063773767,92.33687318484479,-9.372685301738798,-10.0,False
25,2019-05-02 00:00:00+00:00,24,15.9,84.6,105.0,ESCS,18.367184355029924,86.88896482063898,97.98511677602133,81.27841172387373,120.31300371736603,19.1,85.5,105.0,167.4362434371917,88.47599514904263,-7.014883223978671,0.0,False
26,2019-05-02 06:00:00+00:00,6,16.8,84.8,110.0,ESCS,17.68830112444013,85.07538253030533,110.0,108.6132134924137,120.47824297315623,17.6,84.8,115.0,30.81318023811139,24.022158483637433,-5.0,-5.0,True
26,2019-05-02 06:00:00+00:00,12,16.8,84.8,110.0,ESCS,18.701766700906784,85.58590901948173,111.60102660287461,95.36057133412481,122.74506900762893,18.3,85.0,115.0,76.1960884200295,39.54008629356031,-3.3989733971253884,-5.0,False
26,2019-05-02 06:00:00+00:00,18,16.8,84.8,110.0,ESCS,19.560599702292244,86.22417502163339,99.48408537878649,65.91082377626051,121.93597824975681,19.1,85.5,105.0,91.59969980994892,45.174407990406785,-5.515914621213511,5.0,True
26,2019-05-02 06:00:00+00:00,24,16.8,84.8,110.0,ESCS,20.41449360466013,86.92995232945484,88.74593556470907,70.60498238876983,120.43294790666671,20.2,85.9,85.0,110.16039161631917,36.83304674416246,3.7459355647090717,25.0,True
27,2019-05-02 12:00:00+00:00,6,17.6,84.8,115.0,ESCS,18.382825072886224,84.85115255665899,113.7430232620486,107.08856429419038,122.81724993826842,18.3,85.0,115.0,18.209101364150584,23.85794480140754,-1.2569767379514047,0.0,True
27,2019-05-02 12:00:00+00:00,12,17.6,84.8,115.0,ESCS,19.27439987803937,85.15634954565245,104.17056559159751,82.94615869328298,121.78565529315011,19.1,85.5,105.0,40.975602150128985,74.46219765168328,-0.8294344084024914,10.0,True
27,2019-05-02 12:00:00+00:00,18,17.6,84.8,115.0,ESCS,20.03815547537559,85.51313306800972,81.51152488650713,52.64982117761852,121.05956747149497,20.2,85.9,85.0,44.24414700640594,117.15845747358432,-3.4884751134928678,30.0,True
27,2019-05-02 12:00:00+00:00,24,17.6,84.8,115.0,ESCS,20.605218318286248,85.90996577215554,73.69379869449244,49.06218606150456,117.26159833041123,21.2,86.5,70.0,90.02561786799096,182.23070057400443,3.6937986944924432,45.0,True
28,2019-05-02 18:00:00+00:00,6,18.3,85.0,115.0,ESCS,19.031558687675567,85.24353651883631,108.617536980444,90.95919026240396,123.23468957312039,19.1,85.5,105.0,28.03592471064818,33.38250526767572,3.617536980444001,10.0,True
28,2019-05-02 18:00:00+00:00,12,18.3,85.0,115.0,ESCS,19.932354582787763,85.84464132032284,93.9755862857067,73.44184958464004,119.54285395896432,20.2,85.9,85.0,30.1902675864045,75.97127791577101,8.975586285706697,30.0,True
28,2019-05-02 18:00:00+00:00,18,18.3,85.0,115.0,ESCS,20.7322275843958,86.41131331943814,76.67081342356241,48.326069093264664,119.51942363454897,21.2,86.5,70.0,52.60496274240531,128.43599538742316,6.670813423562407,45.0,True
28,2019-05-02 18:00:00+00:00,24,18.3,85.0,115.0,ESCS,21.24720862791451,87.09244833105862,68.52350653499226,44.55843306884853,114.30908844007989,22.1,87.4,55.0,99.64661650274182,198.20766001004137,13.523506534992265,60.0,True
29,2019-05-03 00:00:00+00:00,6,19.1,85.5,105.0,ESCS,19.91875082781337,86.05650053914364,97.52917190081328,76.35873438240006,108.20511441295254,20.2,85.9,85.0,35.17735573724538,34.90898999570609,12.529171900813282,20.0,True
29,2019-05-03 00:00:00+00:00,12,19.1,85.5,105.0,ESCS,20.72736496022962,86.93743700195665,84.76439870542492,60.447708845685845,103.95026258799409,21.2,86.5,70.0,69.33781376412153,55.55669163078953,14.764398705424924,35.0,True
29,2019-05-03 00:00:00+00:00,18,19.1,85.5,105.0,ESCS,21.427065875887134,88.02461432009153,73.18060168110284,47.28883801063122,103.02942989538218,22.1,87.4,55.0,98.61960487640079,77.50487797456019,18.180601681102843,50.0,True
29,2019-05-03 00:00:00+00:00,24,19.1,85.5,105.0,ESCS,22.146990078327796,88.989820302664,65.21202078611665,37.57261132683095,106.54892214652392,23.2,88.5,40.0,127.01025150989192,140.8733923637296,25.212020786116653,65.0,True
30,2019-05-03 06:00:00+00:00,6,20.2,85.9,85.0,VSCS,21.257509721000204,86.384765173026,71.90522338882336,54.151624419423975,85.62448158557582,21.2,86.5,70.0,13.55175291897168,23.25329025983701,1.9052233888233587,15.0,True
30,2019-05-03 06:00:00+00:00,12,20.2,85.9,85.0,VSCS,22.224822172350564,87.13976795100824,61.32599273346224,39.86613720787223,83.0712699989412,22.1,87.4,55.0,30.191140718503743,78.26087180241619,6.325992733462243,30.0,True
30,2019-05-03 06:00:00+00:00,18,20.2,85.9,85.0,VSCS,22.840183013919635,88.28954441042899,49.42872395406876,31.80211575681446,77.97329617138416,23.2,88.5,40.0,45.31269046262951,144.15124594472485,9.428723954068758,45.0,True
30,2019-05-03 06:00:00+00:00,24,20.2,85.9,85.0,VSCS,23.61506500060812,89.29912570157816,40.51596806646753,24.95118682349112,83.8842425776133,24.4,89.5,25.0,89.3081143624737,198.82987102901726,15.51596806646753,60.0,True
31,2019-05-03 12:00:00+00:00,6,21.2,86.5,70.0,VSCS,22.194481200603153,87.1852700546076,56.33046394477943,42.218683551997785,70.52340289531315,22.1,87.4,55.0,24.49695656560062,32.457469853608224,1.3304639447794315,15.0,True
31,2019-05-03 12:00:00+00:00,12,21.2,86.5,70.0,VSCS,23.084388972139163,88.17460809273034,45.74095272091273,28.14639960860957,69.2083453705541,23.2,88.5,40.0,35.69986445988027,80.1657981091772,5.7409527209127305,30.0,True
31,2019-05-03 12:00:00+00:00,18,21.2,86.5,70.0,VSCS,23.877457702403298,89.54904603964175,38.81674046757721,17.394448619922976,66.17614861647725,24.4,89.5,25.0,58.091202286849885,120.10585813959293,13.816740467577212,45.0,True
31,2019-05-03 12:00:00+00:00,24,21.2,86.5,70.0,VSCS,24.9459794392915,90.79921557643432,31.965670620519255,13.450514067062677,69.80557277736696,25.2,90.7,20.0,29.866261921379394,174.3325942322081,11.965670620519255,50.0,True
32,2019-05-03 18:00:00+00:00,6,22.1,87.4,55.0,SCS,22.95065887891749,88.43243721268018,41.33046394477943,31.816379432030413,59.24170521248465,23.2,88.5,40.0,28.46787854788202,29.78612827643697,1.3304639447794315,15.0,True
32,2019-05-03 18:00:00+00:00,12,22.1,87.4,55.0,SCS,23.7102123598944,89.66617099773345,29.18025424669346,22.96969688792538,56.482683384857225,24.4,89.5,25.0,78.24723197893385,62.661263445701046,4.180254246693458,30.0,False
32,2019-05-03 18:00:00+00:00,18,22.1,87.4,55.0,SCS,24.339008241859776,91.19224519380747,26.753603514869482,25.11083872237558,52.08601249578519,25.2,90.7,20.0,107.583275864162,71.89081334319002,6.753603514869482,35.0,True
33,2019-05-04 00:00:00+00:00,6,23.2,88.5,40.0,CS,24.236212709278455,89.74628155465757,27.561217765609573,23.5683242675005,44.22967468254415,24.4,89.5,25.0,30.88680774556782,15.70132687070656,2.561217765609573,15.0,True
33,2019-05-04 00:00:00+00:00,12,23.2,88.5,40.0,CS,24.945362903827537,91.0278553022025,21.304167836667627,17.891646303880037,41.50048511530886,25.2,90.7,20.0,43.47140668973204,21.484924403722093,1.3041678366676273,20.0,True
34,2019-05-04 06:00:00+00:00,6,24.4,89.5,25.0,D,25.448902847100523,90.63479442662688,24.85375,19.32316217474699,29.553598691163934,25.2,90.7,20.0,28.343697721129658,48.23126985772926,4.853750000000002,5.0,True
